Title	Venue	Load-In Date	Load-Out Date	City
SkillsUSA State Directors Annual Meeting 2026	Hilton New Orleans Riverside	08/03/2026	08/07/2026	NEW ORLEANS, LA
ASTIP Traffic Rec 2026 Nola	Sheraton New Orleans	08/03/2026	08/04/2026	NEW ORLEANS, LA
IRS Nationwide Tax Forum 2026	Hyatt Regency New Orleans	08/04/2026	08/05/2026	NEW ORLEANS, LA
AEJMC 2026 Conference	New Orleans Marriott	08/05/2026	08/07/2026	NEW ORLEANS, LA
Mid-South CAH Conference	Sheraton New Orleans	08/06/2026	08/07/2026	NEW ORLEANS, LA
IHIA - New Orleans Marriott Warehouse Arts District Hotel	New Orleans Marriott Warehouse Arts District	08/10/2026	08/13/2026	NEW ORLEANS, LA
DHITS 2026	Hyatt Regency New Orleans	08/10/2026	08/13/2026	NEW ORLEANS, LA
Pipeline Safety Conference 2026 - New Orleans	Hilton New Orleans Riverside	08/11/2026	08/13/2026	NEW ORLEANS, LA
Convergence 2026	Sheraton New Orleans	08/13/2026	08/16/2026	NEW ORLEANS, LA
Convergence Biennial Convention	Sheraton New Orleans	08/13/2026	08/16/2026	NEW ORLEANS, LA
Perrone & Sons Food Show 2026	Hilton New Orleans Riverside	08/16/2026	08/16/2026	NEW ORLEANS, LA
AHE 2026 ANNUAL MEETING Hyatt New Orleans	Hyatt Regency New Orleans	08/17/2026	08/18/2026	NEW ORLEANS, LA