Title	Venue	Dates	City
Little People of America 2026 LPA National Conference	New Orleans Marriott	07/12/2026 06:00 pm-07/14/2026 10:00 pm	NEW ORLEANS, LA
BLET Regional Meetings 2026	Hilton New Orleans Riverside	07/13/2026 07:00 am-07/16/2026 11:00 am	NEW ORLEANS, LA
NACCTFO 2026	Hilton New Orleans Riverside	07/13/2026 08:00 am-07/15/2026 02:00 pm	NEW ORLEANS, LA
CSTA Annual Conference 2026	Sheraton New Orleans	07/13/2026 12:00 pm-07/15/2026 03:00 pm	NEW ORLEANS, LA
AAFP - 2026 DPC Summit	Hyatt Regency New Orleans	07/17/2026 07:00 am-07/18/2026 01:30 pm	NEW ORLEANS, LA
NSPRA 2026 - New Orleans	Hilton New Orleans Riverside	07/20/2026 07:00 am-07/21/2026 03:30 pm	NEW ORLEANS, LA
2026 ACCE NATIONAL CONVENTION	Hyatt Regency New Orleans	07/20/2026 05:00 pm-07/22/2026 03:00 pm	NEW ORLEANS, LA
2026 NAHJ Annual International Conference & Career Expo	New Orleans Marriott	07/22/2026 08:00 am-07/24/2026 05:00 pm	NEW ORLEANS, LA
Smoothie King Vendor Fair	Hyatt Regency New Orleans	07/26/2026 07:00 pm-07/27/2026 02:00 pm	NEW ORLEANS, LA
Doll Dreamers Market	Astor Crowne Plaza	07/27/2026 08:00 am-07/29/2026 04:00 pm	NEW ORLEANS, LA
WTC 2026 - National Association of Ticket Brokers	Hyatt Regency New Orleans	07/27/2026 12:30 pm-07/29/2026 04:00 pm	NEW ORLEANS, LA
NAEA 2026 Tax Summit	New Orleans Marriott	07/27/2026 05:30 pm-07/29/2026 01:00 pm	NEW ORLEANS, LA
LMHPCO 2026	Loews New Orleans Hotel	07/29/2026 08:00 am-07/31/2026 12:00 pm	NEW ORLEANS, LA
2026 SAA Annual Meeting	Hyatt Regency New Orleans	07/30/2026 04:30 pm-07/31/2026 04:00 pm	NEW ORLEANS, LA
ASTIP Traffic Rec 2026 Nola	Sheraton New Orleans	08/03/2026 08:00 am-08/04/2026 05:00 pm	NEW ORLEANS, LA
IRS Nationwide Tax Forum 2026	Hyatt Regency New Orleans	08/04/2026 11:00 am-08/05/2026 02:30 pm	NEW ORLEANS, LA
AEJMC 2026 Conference	New Orleans Marriott	08/05/2026 12:00 pm-08/07/2026 05:00 pm	NEW ORLEANS, LA
Mid-South CAH Conference	Sheraton New Orleans	08/06/2026 07:00 am-08/07/2026 12:00 pm	NEW ORLEANS, LA
IHIA - New Orleans Marriott Warehouse Arts District Hotel	New Orleans Marriott Warehouse Arts District	08/10/2026 09:00 am-08/13/2026 08:00 am	NEW ORLEANS, LA
DHITS 2026	Hyatt Regency New Orleans	08/10/2026 10:00 am-08/13/2026 01:00 pm	NEW ORLEANS, LA
Pipeline Safety Conference 2026 - New Orleans	Hilton New Orleans Riverside	08/11/2026 07:30 am-08/13/2026 09:30 am	NEW ORLEANS, LA
Convergence 2026	Sheraton New Orleans	08/13/2026 10:00 am-08/16/2026 05:00 pm	NEW ORLEANS, LA
Convergence Biennial Convention	Sheraton New Orleans	08/13/2026 10:00 am-08/16/2026 05:00 pm	NEW ORLEANS, LA
Perrone & Sons Food Show 2026	Hilton New Orleans Riverside	08/16/2026 10:00 am-08/16/2026 05:00 pm	NEW ORLEANS, LA
AHE 2026 ANNUAL MEETING Hyatt New Orleans	Hyatt Regency New Orleans	08/17/2026 03:00 pm-08/18/2026 02:00 pm	NEW ORLEANS, LA
LDI Confernece 2026 - New Orleans	Hilton New Orleans Riverside	08/19/2026 07:30 am-08/20/2026 12:00 pm	NEW ORLEANS, LA
Rotary International - Zones 30 & 31 Institute Annual Conference 2026	Hilton New Orleans Riverside	08/27/2026 07:00 am-08/29/2026 11:00 pm	NEW ORLEANS, LA
Anime Conclave 2026	Hilton New Orleans Riverside	08/29/2026 10:00 am-08/30/2026 05:00 pm	NEW ORLEANS, LA
YNOW2026 Users Conference	Hilton New Orleans Riverside	09/01/2026 07:00 am-09/03/2026 02:00 pm	NEW ORLEANS, LA